Date submitted,Identification,Your legal name,Do you sign your art with a different name than ___?,What name do you sign your works with?,Contact email,Telephone,Best way to reach you,Mailing Address,Studio address if different from mailing address,Payment Method,email for e-transfer if different from ___,Nickname,HST,Has submitted,validated
"2022-02-12, 11:05 p.m.",KgD7KYqsdS6LQCoOP6Er,Bilgin Mehmet Buberoglu,yes,Bilgin,bbuberoglu@hotmail.com,+1 613 216 2206,email,"2360 Urbandale Dr. Ottawa, ON. K1G 3G6",,electronic transfer via Interac autodeposit,,,,,
"2022-02-13, 1:46 a.m.",babhAEV86Fwcvw4yaxii,Carlos de Castro,yes,DeCastro,carlosdecastro8@gmail.com,16136975409,email,"1173 Tara Drive.
Ottawa, ON K2C2H4",,cheque by mail to mailing address,,"Carlos, Musicians",,yes,
"2022-02-13, 10:46 p.m.",QjntJEIX8JDSssBHNRKM,Christiane Kingsley,No,,chris_kingsley@hotmail.com,6138977550,email,"125 Tall Oak Private
Ottawa,Ontario 
K1G 6T3",,electronic transfer via Interac autodeposit,,,,,
"2022-02-14, 4:26 p.m.",dUem4FB4IkP5dWtP2z6E,Clara Kim,No,,clarakim98@gmail.com,6132765460,email,103 Beach Heights Ottawa Ontario,,electronic transfer via Interac autodeposit,,,,,
"2022-02-12, 8:43 p.m.",CqQgUQaaeqHLy2lPq93H,Elisabeth Arbuckle,No,,elisabetharbuckle@gmail.com,6137254970,email,"5 Parkland Cres
Nepean
K2H 5V3 Ont","Stafford Studios #4
Bells Corner
Nepean",cheque by mail to mailing address,,Liz,,,
"2022-02-13, 3:29 a.m.",KYAHfXMd2zKteyGHQZfb,Elisabeth Baechlin,No,,liz.colour@gmail.com,6137998009,email,"6096 Valley Field Crescent, Ottawa, ON, K1C5P1",6096 Valley Field Crescent,electronic transfer via Interac autodeposit,,,,yes,
"2022-02-12, 10:27 p.m.",gK6n79QAxCGCgcIvDuyv,Elizabeth Mitchell,yes,E Mitchell,emitchell.cashmere@gmail.com,6139139307,email,"54 Park rd 
Rockcliffe ,ont 
K1M 0B9",,electronic transfer via Interac autodeposit,luc@duronservices.ca,,,,
"2022-02-16, 11:18 p.m.",nwc64YOkFkb7vcOzRzEY,Giuseppina M Rennick,yes,Pina Manoni-Rennick,pina.rennick@gmail.com,3439848976,email,"702-90 Woodridge Cres., Nepean k2B 7T1",951 Gladstone Ave. Ottawa,electronic transfer via Interac autodeposit,,,,,
"2022-02-12, 4:34 p.m.",8Id2JybUP8lQYgcES1h5,Irene Potocki Tobis,yes,Irene Tobis,irenetobis@gmail.com,6134074376,Text (SMS),"A-31
Springfield Road",,electronic transfer via Interac autodeposit,,itobis,,,
"2022-02-12, 9:51 p.m.",isJVWRRMAYqk1Ri7NV1T,Julie Mercantini,No,,mercantini.julie@gmail.com,6137906850,email,25 The Masters Dr Ottawa K1V 9W5,,electronic transfer via Interac autodeposit,,Julie,,yes,
"2022-02-12, 8:16 p.m.",0Y17tYNpwR3a9PBVMHGU,Justin Shulist,No,,justinshulist11@gmail.com,6136684449,Text (SMS),1461 tours place,,electronic transfer via Interac autodeposit,,Jbobby11,,,
"2022-02-14, 12:32 a.m.",kD8SZUyQC8Xnf6b9SYvR,Karen Dyrda,yes,Karen Taylor Dyrda,karendyrda@gmail.com,6138053145,email,"6642 Pebble Trail Way
Greely, Ontario",Same,electronic transfer via Interac autodeposit,,,,,
"2022-02-14, 11:59 p.m.",lSOHXDDLbS0dqe6WuM3U,Katherine Susan Green,yes,Kate Green,kate@kategreenartist.com,613-899-6947,email,"2946 Donnelly Drive, Kemptville, ON, K0G 1J0",,electronic transfer via Interac autodeposit,kate@kategreendesign.com,,,,
"2022-02-12, 6:41 p.m.",x1A7qeZ91Qlm7QQwDNnL,Louise Palmer,No,,louisepalmer.art@gmail.com,6135522882,email,"68 Cote Des Neiges Rd
Nepean 
On
K2g2c8",,electronic transfer via Interac autodeposit,,-,,yes,
"2022-02-12, 11:30 p.m.",gyBIHd8FdmXY8Vb8R5AO,Lynda A. Turner,yes,LaTurner,lynda.turner4@icloud.com,1 (613) 733-2930,email,"1645 Grasmere Crescent
Ottawa, ON K1V 7T6",,cheque by mail to mailing address,,,,,
"2022-02-17, 6:00 p.m.",cmIhkAy1EPuZn6afwCte,Marie Arsenault,yes,Marie Arsenault,mariearsenault2@gmail.com,6132201690,email,184 Kehoe street Ottawa,,electronic transfer via Interac autodeposit,,,,,
"2022-02-13, 12:55 a.m.",RMRZwEyFX8dMgvKwx4NC,Mary Ann Varley,yes,M. A. Varley,varleymaryann1@bell.net,6137452996,email,790 Eastvale Drive,790 Eastvale Drive,electronic transfer via Interac autodeposit,,,,,
"2022-02-13, 12:47 a.m.",R8nfjuDbK2az6QzyOFj1,Maurice Dionne,No,,mauricedionne.com@gmail.com,6137955418,email,"1403-428 Sparks St, Ottawa, ON, K1R0B3",,electronic transfer via Interac autodeposit,mauricedionne.com@gmail.com,Maurice ,,yes,
"2022-02-12, 4:25 p.m.",Ar5YCfA98sVQ48xjakqO,Michael Tobis,No,,mtobis@gmail.com,6137206284,email,A-31 Springfield Rd,A-31 Springfield Rd,electronic transfer via Interac autodeposit,,,,,
"2022-02-13, 12:31 a.m.",V29vcLNehzcz9kFrnT7G,Olga Radushkevich,No,,olga.radushkevich@gmail.com,+1 6138288144,email,"2709 Regina Street, Ottawa, Ontario, Canada, K2B 6X9",,electronic transfer via Interac autodeposit,,,,,
,,Peter Leckett,No,,peter.leckett@icloud.com,,,,,electronic transfer via Interac autodeposit,,,,,
"2022-02-12, 8:18 p.m.",n67cQ6c9irFaxuFukE4Z,Phillida Hargreaves,No,,phillidahargreaves@gmail.com,16133898993,email,4060 Bath Road Kingston ON K7M 4Y4,,electronic transfer via Interac autodeposit,hargreavescp@sympatico.ca,Phil,,,
"2022-02-13, 9:19 p.m.",Em5H29uWLrQLVlxgR3HW,Sandy Sharkey,No,,sandy@sandysharkey.com,6138625806,email,5050 Nicolls Island Road Manotick ONT K4M1B2,same,electronic transfer via Interac autodeposit,,,,,
"2022-02-17, 5:32 p.m.",IX6oZ9rTAAvB0ITrnCWc,Sara Tavoularis,yes,Sara Mullen,saraalexmullen@gmail.com,613862-9410,email,"36 Dufferin Road, Ottawa, ON, K1M 2A8",same,electronic transfer via Interac autodeposit,,,,,
"2022-02-13, 3:46 p.m.",EoOl8cCQOlHTkj1xrNjO,Susan MW Cartwright,No,,smwc@bell.net,6137201278,email,"8A-300 Queen Elizabeth Driveway, Ottawa ON K1S 3M6",,electronic transfer via Interac autodeposit,,,,,
"2022-02-12, 8:24 p.m.",z3blyMxeLl9IdmY4m4pB,Susan Reiter,No,,reiterj@rogers.com,613-592-8375,email,"50 Sherk Cres., Kanata, Ont. K2K 2 M6",N/ a,electronic transfer via Interac autodeposit,,,,,
"2022-02-12, 11:36 p.m.",95SBgBuiJiV6S0rbcPEM,Zeynep Ergincan,No,,artbyzeynep@hotmail.com,6134084547,email,artbyzeynep@hotmail.com,,electronic transfer via Interac autodeposit,,,,,